NombreArchivo,RutaArchivo,Clase_Alofono,Alofono
s02338_i.wav,DataSet22/DataSetTrain/DataSetPadre1/DataSetI/i/s02338_i.wav,3,i
s02338_i_n2.wav,DataSet22/DataSetTrain/DataSetPadre1/DataSetI/i/s02338_i_n2.wav,3,i
s02338_i_n3.wav,DataSet22/DataSetTrain/DataSetPadre1/DataSetI/i/s02338_i_n3.wav,3,i
s02338_i_n4.wav,DataSet22/DataSetTrain/DataSetPadre1/DataSetI/i/s02338_i_n4.wav,3,i
s02338_i_n5.wav,DataSet22/DataSetTrain/DataSetPadre1/DataSetI/i/s02338_i_n5.wav,3,i
s02338_i_n6.wav,DataSet22/DataSetTrain/DataSetPadre1/DataSetI/i/s02338_i_n6.wav,3,i
s02338_i_n7.wav,DataSet22/DataSetTrain/DataSetPadre1/DataSetI/i/s02338_i_n7.wav,3,i
s02338_i_n8.wav,DataSet22/DataSetTrain/DataSetPadre1/DataSetI/i/s02338_i_n8.wav,3,i
s02338_i_n9.wav,DataSet22/DataSetTrain/DataSetPadre1/DataSetI/i/s02338_i_n9.wav,3,i
s02339_i.wav,DataSet22/DataSetTrain/DataSetPadre1/DataSetI/i/s02339_i.wav,3,i
s02340_i.wav,DataSet22/DataSetTrain/DataSetPadre1/DataSetI/i/s02340_i.wav,3,i
s02340_i_n2.wav,DataSet22/DataSetTrain/DataSetPadre1/DataSetI/i/s02340_i_n2.wav,3,i
s02341_i.wav,DataSet22/DataSetTrain/DataSetPadre1/DataSetI/i/s02341_i.wav,3,i
s02341_i_n2.wav,DataSet22/DataSetTrain/DataSetPadre1/DataSetI/i/s02341_i_n2.wav,3,i
s02341_i_n3.wav,DataSet22/DataSetTrain/DataSetPadre1/DataSetI/i/s02341_i_n3.wav,3,i
s02341_i_n4.wav,DataSet22/DataSetTrain/DataSetPadre1/DataSetI/i/s02341_i_n4.wav,3,i
s02342_i.wav,DataSet22/DataSetTrain/DataSetPadre1/DataSetI/i/s02342_i.wav,3,i
s02342_i_n2.wav,DataSet22/DataSetTrain/DataSetPadre1/DataSetI/i/s02342_i_n2.wav,3,i
s02342_i_n3.wav,DataSet22/DataSetTrain/DataSetPadre1/DataSetI/i/s02342_i_n3.wav,3,i
s02342_i_n4.wav,DataSet22/DataSetTrain/DataSetPadre1/DataSetI/i/s02342_i_n4.wav,3,i
s02342_i_n5.wav,DataSet22/DataSetTrain/DataSetPadre1/DataSetI/i/s02342_i_n5.wav,3,i
s02342_i_n6.wav,DataSet22/DataSetTrain/DataSetPadre1/DataSetI/i/s02342_i_n6.wav,3,i
s02343_i.wav,DataSet22/DataSetTrain/DataSetPadre1/DataSetI/i/s02343_i.wav,3,i
s02343_i_n2.wav,DataSet22/DataSetTrain/DataSetPadre1/DataSetI/i/s02343_i_n2.wav,3,i
s02343_i_n3.wav,DataSet22/DataSetTrain/DataSetPadre1/DataSetI/i/s02343_i_n3.wav,3,i
s02344_i.wav,DataSet22/DataSetTrain/DataSetPadre1/DataSetI/i/s02344_i.wav,3,i
s02344_i_n2.wav,DataSet22/DataSetTrain/DataSetPadre1/DataSetI/i/s02344_i_n2.wav,3,i
s02344_i_n3.wav,DataSet22/DataSetTrain/DataSetPadre1/DataSetI/i/s02344_i_n3.wav,3,i
s02344_i_n4.wav,DataSet22/DataSetTrain/DataSetPadre1/DataSetI/i/s02344_i_n4.wav,3,i
s02344_i_n5.wav,DataSet22/DataSetTrain/DataSetPadre1/DataSetI/i/s02344_i_n5.wav,3,i
s02344_i_n6.wav,DataSet22/DataSetTrain/DataSetPadre1/DataSetI/i/s02344_i_n6.wav,3,i
s02345_i.wav,DataSet22/DataSetTrain/DataSetPadre1/DataSetI/i/s02345_i.wav,3,i
s02345_i_n2.wav,DataSet22/DataSetTrain/DataSetPadre1/DataSetI/i/s02345_i_n2.wav,3,i
s02345_i_n3.wav,DataSet22/DataSetTrain/DataSetPadre1/DataSetI/i/s02345_i_n3.wav,3,i
s02345_i_n4.wav,DataSet22/DataSetTrain/DataSetPadre1/DataSetI/i/s02345_i_n4.wav,3,i
s02345_i_n5.wav,DataSet22/DataSetTrain/DataSetPadre1/DataSetI/i/s02345_i_n5.wav,3,i
s02346_i.wav,DataSet22/DataSetTrain/DataSetPadre1/DataSetI/i/s02346_i.wav,3,i
s02346_i_n2.wav,DataSet22/DataSetTrain/DataSetPadre1/DataSetI/i/s02346_i_n2.wav,3,i
s02346_i_n3.wav,DataSet22/DataSetTrain/DataSetPadre1/DataSetI/i/s02346_i_n3.wav,3,i
s02346_i_n4.wav,DataSet22/DataSetTrain/DataSetPadre1/DataSetI/i/s02346_i_n4.wav,3,i
s02346_i_n5.wav,DataSet22/DataSetTrain/DataSetPadre1/DataSetI/i/s02346_i_n5.wav,3,i
s02346_i_n6.wav,DataSet22/DataSetTrain/DataSetPadre1/DataSetI/i/s02346_i_n6.wav,3,i
s00537_o_n6.wav,DataSet22/DataSetTrain/DataSetPadre1/DataSetI/o/s00537_o_n6.wav,4,o
s00538_o.wav,DataSet22/DataSetTrain/DataSetPadre1/DataSetI/o/s00538_o.wav,4,o
s00538_o_n2.wav,DataSet22/DataSetTrain/DataSetPadre1/DataSetI/o/s00538_o_n2.wav,4,o
s00538_o_n3.wav,DataSet22/DataSetTrain/DataSetPadre1/DataSetI/o/s00538_o_n3.wav,4,o
s00539_o.wav,DataSet22/DataSetTrain/DataSetPadre1/DataSetI/o/s00539_o.wav,4,o
s00539_o_n2.wav,DataSet22/DataSetTrain/DataSetPadre1/DataSetI/o/s00539_o_n2.wav,4,o
s00540_o.wav,DataSet22/DataSetTrain/DataSetPadre1/DataSetI/o/s00540_o.wav,4,o
s00541_o.wav,DataSet22/DataSetTrain/DataSetPadre1/DataSetI/o/s00541_o.wav,4,o
s00541_o_n2.wav,DataSet22/DataSetTrain/DataSetPadre1/DataSetI/o/s00541_o_n2.wav,4,o
s00541_o_n3.wav,DataSet22/DataSetTrain/DataSetPadre1/DataSetI/o/s00541_o_n3.wav,4,o
s00541_o_n4.wav,DataSet22/DataSetTrain/DataSetPadre1/DataSetI/o/s00541_o_n4.wav,4,o
s00541_o_n5.wav,DataSet22/DataSetTrain/DataSetPadre1/DataSetI/o/s00541_o_n5.wav,4,o
s00542_o.wav,DataSet22/DataSetTrain/DataSetPadre1/DataSetI/o/s00542_o.wav,4,o
s00542_o_n2.wav,DataSet22/DataSetTrain/DataSetPadre1/DataSetI/o/s00542_o_n2.wav,4,o
s00543_o.wav,DataSet22/DataSetTrain/DataSetPadre1/DataSetI/o/s00543_o.wav,4,o
s00543_o_n2.wav,DataSet22/DataSetTrain/DataSetPadre1/DataSetI/o/s00543_o_n2.wav,4,o
s00543_o_n3.wav,DataSet22/DataSetTrain/DataSetPadre1/DataSetI/o/s00543_o_n3.wav,4,o
s00543_o_n4.wav,DataSet22/DataSetTrain/DataSetPadre1/DataSetI/o/s00543_o_n4.wav,4,o
s00543_o_n5.wav,DataSet22/DataSetTrain/DataSetPadre1/DataSetI/o/s00543_o_n5.wav,4,o
s00543_o_n6.wav,DataSet22/DataSetTrain/DataSetPadre1/DataSetI/o/s00543_o_n6.wav,4,o
s00543_o_n7.wav,DataSet22/DataSetTrain/DataSetPadre1/DataSetI/o/s00543_o_n7.wav,4,o
s00544_o.wav,DataSet22/DataSetTrain/DataSetPadre1/DataSetI/o/s00544_o.wav,4,o
s00544_o_n2.wav,DataSet22/DataSetTrain/DataSetPadre1/DataSetI/o/s00544_o_n2.wav,4,o
s00544_o_n3.wav,DataSet22/DataSetTrain/DataSetPadre1/DataSetI/o/s00544_o_n3.wav,4,o
s00544_o_n4.wav,DataSet22/DataSetTrain/DataSetPadre1/DataSetI/o/s00544_o_n4.wav,4,o
s00544_o_n5.wav,DataSet22/DataSetTrain/DataSetPadre1/DataSetI/o/s00544_o_n5.wav,4,o
s00544_o_n6.wav,DataSet22/DataSetTrain/DataSetPadre1/DataSetI/o/s00544_o_n6.wav,4,o
s00544_o_n7.wav,DataSet22/DataSetTrain/DataSetPadre1/DataSetI/o/s00544_o_n7.wav,4,o
s00545_o.wav,DataSet22/DataSetTrain/DataSetPadre1/DataSetI/o/s00545_o.wav,4,o
s00545_o_n2.wav,DataSet22/DataSetTrain/DataSetPadre1/DataSetI/o/s00545_o_n2.wav,4,o
s00545_o_n3.wav,DataSet22/DataSetTrain/DataSetPadre1/DataSetI/o/s00545_o_n3.wav,4,o
s00545_o_n4.wav,DataSet22/DataSetTrain/DataSetPadre1/DataSetI/o/s00545_o_n4.wav,4,o
s00545_o_n5.wav,DataSet22/DataSetTrain/DataSetPadre1/DataSetI/o/s00545_o_n5.wav,4,o
s00545_o_n6.wav,DataSet22/DataSetTrain/DataSetPadre1/DataSetI/o/s00545_o_n6.wav,4,o
s00546_o.wav,DataSet22/DataSetTrain/DataSetPadre1/DataSetI/o/s00546_o.wav,4,o
s00546_o_n2.wav,DataSet22/DataSetTrain/DataSetPadre1/DataSetI/o/s00546_o_n2.wav,4,o
s00547_o.wav,DataSet22/DataSetTrain/DataSetPadre1/DataSetI/o/s00547_o.wav,4,o
s00547_o_n2.wav,DataSet22/DataSetTrain/DataSetPadre1/DataSetI/o/s00547_o_n2.wav,4,o
s00547_o_n3.wav,DataSet22/DataSetTrain/DataSetPadre1/DataSetI/o/s00547_o_n3.wav,4,o
s00548_o.wav,DataSet22/DataSetTrain/DataSetPadre1/DataSetI/o/s00548_o.wav,4,o
s00548_o_n2.wav,DataSet22/DataSetTrain/DataSetPadre1/DataSetI/o/s00548_o_n2.wav,4,o
s00548_o_n3.wav,DataSet22/DataSetTrain/DataSetPadre1/DataSetI/o/s00548_o_n3.wav,4,o
s00548_o_n4.wav,DataSet22/DataSetTrain/DataSetPadre1/DataSetI/o/s00548_o_n4.wav,4,o
s00549_o.wav,DataSet22/DataSetTrain/DataSetPadre1/DataSetI/o/s00549_o.wav,4,o
s00549_o_n2.wav,DataSet22/DataSetTrain/DataSetPadre1/DataSetI/o/s00549_o_n2.wav,4,o
s00549_o_n3.wav,DataSet22/DataSetTrain/DataSetPadre1/DataSetI/o/s00549_o_n3.wav,4,o
s00549_o_n4.wav,DataSet22/DataSetTrain/DataSetPadre1/DataSetI/o/s00549_o_n4.wav,4,o
s00549_o_n5.wav,DataSet22/DataSetTrain/DataSetPadre1/DataSetI/o/s00549_o_n5.wav,4,o
s00601_o.wav,DataSet22/DataSetTrain/DataSetPadre1/DataSetI/o/s00601_o.wav,4,o
s00601_o_n2.wav,DataSet22/DataSetTrain/DataSetPadre1/DataSetI/o/s00601_o_n2.wav,4,o
s00601_o_n3.wav,DataSet22/DataSetTrain/DataSetPadre1/DataSetI/o/s00601_o_n3.wav,4,o
s00601_o_n4.wav,DataSet22/DataSetTrain/DataSetPadre1/DataSetI/o/s00601_o_n4.wav,4,o
s00601_o_n5.wav,DataSet22/DataSetTrain/DataSetPadre1/DataSetI/o/s00601_o_n5.wav,4,o
s00601_o_n6.wav,DataSet22/DataSetTrain/DataSetPadre1/DataSetI/o/s00601_o_n6.wav,4,o
s00602_o.wav,DataSet22/DataSetTrain/DataSetPadre1/DataSetI/o/s00602_o.wav,4,o
s00602_o_n2.wav,DataSet22/DataSetTrain/DataSetPadre1/DataSetI/o/s00602_o_n2.wav,4,o
s00602_o_n3.wav,DataSet22/DataSetTrain/DataSetPadre1/DataSetI/o/s00602_o_n3.wav,4,o
s00602_o_n4.wav,DataSet22/DataSetTrain/DataSetPadre1/DataSetI/o/s00602_o_n4.wav,4,o
s00602_o_n5.wav,DataSet22/DataSetTrain/DataSetPadre1/DataSetI/o/s00602_o_n5.wav,4,o
s00603_o.wav,DataSet22/DataSetTrain/DataSetPadre1/DataSetI/o/s00603_o.wav,4,o
s00603_o_n2.wav,DataSet22/DataSetTrain/DataSetPadre1/DataSetI/o/s00603_o_n2.wav,4,o
s00603_o_n3.wav,DataSet22/DataSetTrain/DataSetPadre1/DataSetI/o/s00603_o_n3.wav,4,o
s00603_o_n4.wav,DataSet22/DataSetTrain/DataSetPadre1/DataSetI/o/s00603_o_n4.wav,4,o
s00603_o_n5.wav,DataSet22/DataSetTrain/DataSetPadre1/DataSetI/o/s00603_o_n5.wav,4,o
s00603_o_n6.wav,DataSet22/DataSetTrain/DataSetPadre1/DataSetI/o/s00603_o_n6.wav,4,o
s00604_o.wav,DataSet22/DataSetTrain/DataSetPadre1/DataSetI/o/s00604_o.wav,4,o
s00604_o_n2.wav,DataSet22/DataSetTrain/DataSetPadre1/DataSetI/o/s00604_o_n2.wav,4,o
s00604_o_n3.wav,DataSet22/DataSetTrain/DataSetPadre1/DataSetI/o/s00604_o_n3.wav,4,o
s00604_o_n4.wav,DataSet22/DataSetTrain/DataSetPadre1/DataSetI/o/s00604_o_n4.wav,4,o
s00605_o.wav,DataSet22/DataSetTrain/DataSetPadre1/DataSetI/o/s00605_o.wav,4,o
s00605_o_n2.wav,DataSet22/DataSetTrain/DataSetPadre1/DataSetI/o/s00605_o_n2.wav,4,o
s00605_o_n3.wav,DataSet22/DataSetTrain/DataSetPadre1/DataSetI/o/s00605_o_n3.wav,4,o
s00605_o_n4.wav,DataSet22/DataSetTrain/DataSetPadre1/DataSetI/o/s00605_o_n4.wav,4,o
s00605_o_n5.wav,DataSet22/DataSetTrain/DataSetPadre1/DataSetI/o/s00605_o_n5.wav,4,o
s00605_o_n6.wav,DataSet22/DataSetTrain/DataSetPadre1/DataSetI/o/s00605_o_n6.wav,4,o
s00605_o_n7.wav,DataSet22/DataSetTrain/DataSetPadre1/DataSetI/o/s00605_o_n7.wav,4,o
s00605_o_n8.wav,DataSet22/DataSetTrain/DataSetPadre1/DataSetI/o/s00605_o_n8.wav,4,o
s00606_o.wav,DataSet22/DataSetTrain/DataSetPadre1/DataSetI/o/s00606_o.wav,4,o
s00606_o_n2.wav,DataSet22/DataSetTrain/DataSetPadre1/DataSetI/o/s00606_o_n2.wav,4,o
s00606_o_n3.wav,DataSet22/DataSetTrain/DataSetPadre1/DataSetI/o/s00606_o_n3.wav,4,o
s00606_o_n4.wav,DataSet22/DataSetTrain/DataSetPadre1/DataSetI/o/s00606_o_n4.wav,4,o
s00606_o_n5.wav,DataSet22/DataSetTrain/DataSetPadre1/DataSetI/o/s00606_o_n5.wav,4,o
s00606_o_n6.wav,DataSet22/DataSetTrain/DataSetPadre1/DataSetI/o/s00606_o_n6.wav,4,o
s00606_o_n7.wav,DataSet22/DataSetTrain/DataSetPadre1/DataSetI/o/s00606_o_n7.wav,4,o
s00606_o_n8.wav,DataSet22/DataSetTrain/DataSetPadre1/DataSetI/o/s00606_o_n8.wav,4,o
s00607_o.wav,DataSet22/DataSetTrain/DataSetPadre1/DataSetI/o/s00607_o.wav,4,o
s00607_o_n2.wav,DataSet22/DataSetTrain/DataSetPadre1/DataSetI/o/s00607_o_n2.wav,4,o
s00607_o_n3.wav,DataSet22/DataSetTrain/DataSetPadre1/DataSetI/o/s00607_o_n3.wav,4,o
s00607_o_n4.wav,DataSet22/DataSetTrain/DataSetPadre1/DataSetI/o/s00607_o_n4.wav,4,o
s00607_o_n5.wav,DataSet22/DataSetTrain/DataSetPadre1/DataSetI/o/s00607_o_n5.wav,4,o
s00607_o_n6.wav,DataSet22/DataSetTrain/DataSetPadre1/DataSetI/o/s00607_o_n6.wav,4,o
s00608_o.wav,DataSet22/DataSetTrain/DataSetPadre1/DataSetI/o/s00608_o.wav,4,o
s00608_o_n2.wav,DataSet22/DataSetTrain/DataSetPadre1/DataSetI/o/s00608_o_n2.wav,4,o
s00608_o_n3.wav,DataSet22/DataSetTrain/DataSetPadre1/DataSetI/o/s00608_o_n3.wav,4,o
s00608_o_n4.wav,DataSet22/DataSetTrain/DataSetPadre1/DataSetI/o/s00608_o_n4.wav,4,o
s00609_o.wav,DataSet22/DataSetTrain/DataSetPadre1/DataSetI/o/s00609_o.wav,4,o
s00609_o_n2.wav,DataSet22/DataSetTrain/DataSetPadre1/DataSetI/o/s00609_o_n2.wav,4,o
s00609_o_n3.wav,DataSet22/DataSetTrain/DataSetPadre1/DataSetI/o/s00609_o_n3.wav,4,o
s00609_o_n4.wav,DataSet22/DataSetTrain/DataSetPadre1/DataSetI/o/s00609_o_n4.wav,4,o
s00609_o_n5.wav,DataSet22/DataSetTrain/DataSetPadre1/DataSetI/o/s00609_o_n5.wav,4,o
s00609_o_n6.wav,DataSet22/DataSetTrain/DataSetPadre1/DataSetI/o/s00609_o_n6.wav,4,o
s00610_o.wav,DataSet22/DataSetTrain/DataSetPadre1/DataSetI/o/s00610_o.wav,4,o
s00610_o_n2.wav,DataSet22/DataSetTrain/DataSetPadre1/DataSetI/o/s00610_o_n2.wav,4,o
s00610_o_n3.wav,DataSet22/DataSetTrain/DataSetPadre1/DataSetI/o/s00610_o_n3.wav,4,o
s00611_o.wav,DataSet22/DataSetTrain/DataSetPadre1/DataSetI/o/s00611_o.wav,4,o
s00611_o_n2.wav,DataSet22/DataSetTrain/DataSetPadre1/DataSetI/o/s00611_o_n2.wav,4,o
s00612_o.wav,DataSet22/DataSetTrain/DataSetPadre1/DataSetI/o/s00612_o.wav,4,o
s00612_o_n2.wav,DataSet22/DataSetTrain/DataSetPadre1/DataSetI/o/s00612_o_n2.wav,4,o
s00612_o_n3.wav,DataSet22/DataSetTrain/DataSetPadre1/DataSetI/o/s00612_o_n3.wav,4,o
s00612_o_n4.wav,DataSet22/DataSetTrain/DataSetPadre1/DataSetI/o/s00612_o_n4.wav,4,o
s00612_o_n5.wav,DataSet22/DataSetTrain/DataSetPadre1/DataSetI/o/s00612_o_n5.wav,4,o
s00613_o.wav,DataSet22/DataSetTrain/DataSetPadre1/DataSetI/o/s00613_o.wav,4,o
s00613_o_n2.wav,DataSet22/DataSetTrain/DataSetPadre1/DataSetI/o/s00613_o_n2.wav,4,o
s00614_o.wav,DataSet22/DataSetTrain/DataSetPadre1/DataSetI/o/s00614_o.wav,4,o
s00614_o_n2.wav,DataSet22/DataSetTrain/DataSetPadre1/DataSetI/o/s00614_o_n2.wav,4,o
s00614_o_n3.wav,DataSet22/DataSetTrain/DataSetPadre1/DataSetI/o/s00614_o_n3.wav,4,o
s00615_o.wav,DataSet22/DataSetTrain/DataSetPadre1/DataSetI/o/s00615_o.wav,4,o
s00615_o_n2.wav,DataSet22/DataSetTrain/DataSetPadre1/DataSetI/o/s00615_o_n2.wav,4,o
s00615_o_n3.wav,DataSet22/DataSetTrain/DataSetPadre1/DataSetI/o/s00615_o_n3.wav,4,o
s00616_o.wav,DataSet22/DataSetTrain/DataSetPadre1/DataSetI/o/s00616_o.wav,4,o
s00616_o_n2.wav,DataSet22/DataSetTrain/DataSetPadre1/DataSetI/o/s00616_o_n2.wav,4,o
s00616_o_n3.wav,DataSet22/DataSetTrain/DataSetPadre1/DataSetI/o/s00616_o_n3.wav,4,o
s00616_o_n4.wav,DataSet22/DataSetTrain/DataSetPadre1/DataSetI/o/s00616_o_n4.wav,4,o
s00616_o_n5.wav,DataSet22/DataSetTrain/DataSetPadre1/DataSetI/o/s00616_o_n5.wav,4,o
s00617_o.wav,DataSet22/DataSetTrain/DataSetPadre1/DataSetI/o/s00617_o.wav,4,o
s00617_o_n2.wav,DataSet22/DataSetTrain/DataSetPadre1/DataSetI/o/s00617_o_n2.wav,4,o
s00617_o_n3.wav,DataSet22/DataSetTrain/DataSetPadre1/DataSetI/o/s00617_o_n3.wav,4,o
s00618_o.wav,DataSet22/DataSetTrain/DataSetPadre1/DataSetI/o/s00618_o.wav,4,o
s00618_o_n2.wav,DataSet22/DataSetTrain/DataSetPadre1/DataSetI/o/s00618_o_n2.wav,4,o
s00618_o_n3.wav,DataSet22/DataSetTrain/DataSetPadre1/DataSetI/o/s00618_o_n3.wav,4,o
s00619_o.wav,DataSet22/DataSetTrain/DataSetPadre1/DataSetI/o/s00619_o.wav,4,o
s00619_o_n2.wav,DataSet22/DataSetTrain/DataSetPadre1/DataSetI/o/s00619_o_n2.wav,4,o
s00619_o_n3.wav,DataSet22/DataSetTrain/DataSetPadre1/DataSetI/o/s00619_o_n3.wav,4,o
s00619_o_n4.wav,DataSet22/DataSetTrain/DataSetPadre1/DataSetI/o/s00619_o_n4.wav,4,o
s00620_o.wav,DataSet22/DataSetTrain/DataSetPadre1/DataSetI/o/s00620_o.wav,4,o
s00620_o_n2.wav,DataSet22/DataSetTrain/DataSetPadre1/DataSetI/o/s00620_o_n2.wav,4,o
s00620_o_n3.wav,DataSet22/DataSetTrain/DataSetPadre1/DataSetI/o/s00620_o_n3.wav,4,o
s00621_o.wav,DataSet22/DataSetTrain/DataSetPadre1/DataSetI/o/s00621_o.wav,4,o
s00621_o_n2.wav,DataSet22/DataSetTrain/DataSetPadre1/DataSetI/o/s00621_o_n2.wav,4,o
s00621_o_n3.wav,DataSet22/DataSetTrain/DataSetPadre1/DataSetI/o/s00621_o_n3.wav,4,o
s00621_o_n4.wav,DataSet22/DataSetTrain/DataSetPadre1/DataSetI/o/s00621_o_n4.wav,4,o
s00622_o.wav,DataSet22/DataSetTrain/DataSetPadre1/DataSetI/o/s00622_o.wav,4,o
s00622_o_n2.wav,DataSet22/DataSetTrain/DataSetPadre1/DataSetI/o/s00622_o_n2.wav,4,o
s00622_o_n3.wav,DataSet22/DataSetTrain/DataSetPadre1/DataSetI/o/s00622_o_n3.wav,4,o
s00622_o_n4.wav,DataSet22/DataSetTrain/DataSetPadre1/DataSetI/o/s00622_o_n4.wav,4,o
s00622_o_n5.wav,DataSet22/DataSetTrain/DataSetPadre1/DataSetI/o/s00622_o_n5.wav,4,o
s00622_o_n6.wav,DataSet22/DataSetTrain/DataSetPadre1/DataSetI/o/s00622_o_n6.wav,4,o
s00623_o.wav,DataSet22/DataSetTrain/DataSetPadre1/DataSetI/o/s00623_o.wav,4,o
s00623_o_n2.wav,DataSet22/DataSetTrain/DataSetPadre1/DataSetI/o/s00623_o_n2.wav,4,o
s00623_o_n3.wav,DataSet22/DataSetTrain/DataSetPadre1/DataSetI/o/s00623_o_n3.wav,4,o
s00624_o.wav,DataSet22/DataSetTrain/DataSetPadre1/DataSetI/o/s00624_o.wav,4,o
s00624_o_n2.wav,DataSet22/DataSetTrain/DataSetPadre1/DataSetI/o/s00624_o_n2.wav,4,o
s00625_o.wav,DataSet22/DataSetTrain/DataSetPadre1/DataSetI/o/s00625_o.wav,4,o
s00625_o_n2.wav,DataSet22/DataSetTrain/DataSetPadre1/DataSetI/o/s00625_o_n2.wav,4,o
s00625_o_n3.wav,DataSet22/DataSetTrain/DataSetPadre1/DataSetI/o/s00625_o_n3.wav,4,o
s00625_o_n4.wav,DataSet22/DataSetTrain/DataSetPadre1/DataSetI/o/s00625_o_n4.wav,4,o
s00626_o.wav,DataSet22/DataSetTrain/DataSetPadre1/DataSetI/o/s00626_o.wav,4,o
s00626_o_n2.wav,DataSet22/DataSetTrain/DataSetPadre1/DataSetI/o/s00626_o_n2.wav,4,o
s00626_o_n3.wav,DataSet22/DataSetTrain/DataSetPadre1/DataSetI/o/s00626_o_n3.wav,4,o
s00626_o_n4.wav,DataSet22/DataSetTrain/DataSetPadre1/DataSetI/o/s00626_o_n4.wav,4,o
s00626_o_n5.wav,DataSet22/DataSetTrain/DataSetPadre1/DataSetI/o/s00626_o_n5.wav,4,o
s00627_o.wav,DataSet22/DataSetTrain/DataSetPadre1/DataSetI/o/s00627_o.wav,4,o
s00627_o_n2.wav,DataSet22/DataSetTrain/DataSetPadre1/DataSetI/o/s00627_o_n2.wav,4,o
s00627_o_n3.wav,DataSet22/DataSetTrain/DataSetPadre1/DataSetI/o/s00627_o_n3.wav,4,o
s00627_o_n4.wav,DataSet22/DataSetTrain/DataSetPadre1/DataSetI/o/s00627_o_n4.wav,4,o
s00627_o_n5.wav,DataSet22/DataSetTrain/DataSetPadre1/DataSetI/o/s00627_o_n5.wav,4,o
s00628_o.wav,DataSet22/DataSetTrain/DataSetPadre1/DataSetI/o/s00628_o.wav,4,o
s00628_o_n2.wav,DataSet22/DataSetTrain/DataSetPadre1/DataSetI/o/s00628_o_n2.wav,4,o
s00628_o_n3.wav,DataSet22/DataSetTrain/DataSetPadre1/DataSetI/o/s00628_o_n3.wav,4,o
s00629_o.wav,DataSet22/DataSetTrain/DataSetPadre1/DataSetI/o/s00629_o.wav,4,o
s00629_o_n2.wav,DataSet22/DataSetTrain/DataSetPadre1/DataSetI/o/s00629_o_n2.wav,4,o
s00629_o_n3.wav,DataSet22/DataSetTrain/DataSetPadre1/DataSetI/o/s00629_o_n3.wav,4,o
s00629_o_n4.wav,DataSet22/DataSetTrain/DataSetPadre1/DataSetI/o/s00629_o_n4.wav,4,o
s00629_o_n5.wav,DataSet22/DataSetTrain/DataSetPadre1/DataSetI/o/s00629_o_n5.wav,4,o
s00629_o_n6.wav,DataSet22/DataSetTrain/DataSetPadre1/DataSetI/o/s00629_o_n6.wav,4,o
s00630_o.wav,DataSet22/DataSetTrain/DataSetPadre1/DataSetI/o/s00630_o.wav,4,o
s00630_o_n2.wav,DataSet22/DataSetTrain/DataSetPadre1/DataSetI/o/s00630_o_n2.wav,4,o
s00630_o_n3.wav,DataSet22/DataSetTrain/DataSetPadre1/DataSetI/o/s00630_o_n3.wav,4,o
s00630_o_n4.wav,DataSet22/DataSetTrain/DataSetPadre1/DataSetI/o/s00630_o_n4.wav,4,o
s00630_o_n5.wav,DataSet22/DataSetTrain/DataSetPadre1/DataSetI/o/s00630_o_n5.wav,4,o
s00631_o.wav,DataSet22/DataSetTrain/DataSetPadre1/DataSetI/o/s00631_o.wav,4,o
s00631_o_n2.wav,DataSet22/DataSetTrain/DataSetPadre1/DataSetI/o/s00631_o_n2.wav,4,o
s00632_o.wav,DataSet22/DataSetTrain/DataSetPadre1/DataSetI/o/s00632_o.wav,4,o
s00632_o_n2.wav,DataSet22/DataSetTrain/DataSetPadre1/DataSetI/o/s00632_o_n2.wav,4,o
s00632_o_n3.wav,DataSet22/DataSetTrain/DataSetPadre1/DataSetI/o/s00632_o_n3.wav,4,o
s00632_o_n4.wav,DataSet22/DataSetTrain/DataSetPadre1/DataSetI/o/s00632_o_n4.wav,4,o
s00632_o_n5.wav,DataSet22/DataSetTrain/DataSetPadre1/DataSetI/o/s00632_o_n5.wav,4,o
s00633_o.wav,DataSet22/DataSetTrain/DataSetPadre1/DataSetI/o/s00633_o.wav,4,o
s00633_o_n2.wav,DataSet22/DataSetTrain/DataSetPadre1/DataSetI/o/s00633_o_n2.wav,4,o
s00633_o_n3.wav,DataSet22/DataSetTrain/DataSetPadre1/DataSetI/o/s00633_o_n3.wav,4,o
s00633_o_n4.wav,DataSet22/DataSetTrain/DataSetPadre1/DataSetI/o/s00633_o_n4.wav,4,o
s00633_o_n5.wav,DataSet22/DataSetTrain/DataSetPadre1/DataSetI/o/s00633_o_n5.wav,4,o
s00633_o_n6.wav,DataSet22/DataSetTrain/DataSetPadre1/DataSetI/o/s00633_o_n6.wav,4,o
s00633_o_n7.wav,DataSet22/DataSetTrain/DataSetPadre1/DataSetI/o/s00633_o_n7.wav,4,o
s00634_o.wav,DataSet22/DataSetTrain/DataSetPadre1/DataSetI/o/s00634_o.wav,4,o
s00634_o_n2.wav,DataSet22/DataSetTrain/DataSetPadre1/DataSetI/o/s00634_o_n2.wav,4,o
s00634_o_n3.wav,DataSet22/DataSetTrain/DataSetPadre1/DataSetI/o/s00634_o_n3.wav,4,o
s00634_o_n4.wav,DataSet22/DataSetTrain/DataSetPadre1/DataSetI/o/s00634_o_n4.wav,4,o
s00634_o_n5.wav,DataSet22/DataSetTrain/DataSetPadre1/DataSetI/o/s00634_o_n5.wav,4,o
s00635_o.wav,DataSet22/DataSetTrain/DataSetPadre1/DataSetI/o/s00635_o.wav,4,o
s00635_o_n2.wav,DataSet22/DataSetTrain/DataSetPadre1/DataSetI/o/s00635_o_n2.wav,4,o
s00636_o.wav,DataSet22/DataSetTrain/DataSetPadre1/DataSetI/o/s00636_o.wav,4,o
s00636_o_n2.wav,DataSet22/DataSetTrain/DataSetPadre1/DataSetI/o/s00636_o_n2.wav,4,o
s00636_o_n3.wav,DataSet22/DataSetTrain/DataSetPadre1/DataSetI/o/s00636_o_n3.wav,4,o
s00637_o.wav,DataSet22/DataSetTrain/DataSetPadre1/DataSetI/o/s00637_o.wav,4,o
s00637_o_n2.wav,DataSet22/DataSetTrain/DataSetPadre1/DataSetI/o/s00637_o_n2.wav,4,o
s00637_o_n3.wav,DataSet22/DataSetTrain/DataSetPadre1/DataSetI/o/s00637_o_n3.wav,4,o
s00638_o.wav,DataSet22/DataSetTrain/DataSetPadre1/DataSetI/o/s00638_o.wav,4,o
s00638_o_n2.wav,DataSet22/DataSetTrain/DataSetPadre1/DataSetI/o/s00638_o_n2.wav,4,o
s00639_o.wav,DataSet22/DataSetTrain/DataSetPadre1/DataSetI/o/s00639_o.wav,4,o
s00639_o_n2.wav,DataSet22/DataSetTrain/DataSetPadre1/DataSetI/o/s00639_o_n2.wav,4,o
s00639_o_n3.wav,DataSet22/DataSetTrain/DataSetPadre1/DataSetI/o/s00639_o_n3.wav,4,o
s00639_o_n4.wav,DataSet22/DataSetTrain/DataSetPadre1/DataSetI/o/s00639_o_n4.wav,4,o
s00639_o_n5.wav,DataSet22/DataSetTrain/DataSetPadre1/DataSetI/o/s00639_o_n5.wav,4,o
s00639_o_n6.wav,DataSet22/DataSetTrain/DataSetPadre1/DataSetI/o/s00639_o_n6.wav,4,o
s00639_o_n7.wav,DataSet22/DataSetTrain/DataSetPadre1/DataSetI/o/s00639_o_n7.wav,4,o
s00639_o_n8.wav,DataSet22/DataSetTrain/DataSetPadre1/DataSetI/o/s00639_o_n8.wav,4,o
s00640_o.wav,DataSet22/DataSetTrain/DataSetPadre1/DataSetI/o/s00640_o.wav,4,o
s00640_o_n2.wav,DataSet22/DataSetTrain/DataSetPadre1/DataSetI/o/s00640_o_n2.wav,4,o
s00640_o_n3.wav,DataSet22/DataSetTrain/DataSetPadre1/DataSetI/o/s00640_o_n3.wav,4,o
s00640_o_n4.wav,DataSet22/DataSetTrain/DataSetPadre1/DataSetI/o/s00640_o_n4.wav,4,o
s00640_o_n5.wav,DataSet22/DataSetTrain/DataSetPadre1/DataSetI/o/s00640_o_n5.wav,4,o
s00640_o_n6.wav,DataSet22/DataSetTrain/DataSetPadre1/DataSetI/o/s00640_o_n6.wav,4,o
s00640_o_n7.wav,DataSet22/DataSetTrain/DataSetPadre1/DataSetI/o/s00640_o_n7.wav,4,o
s00640_o_n8.wav,DataSet22/DataSetTrain/DataSetPadre1/DataSetI/o/s00640_o_n8.wav,4,o
s00640_o_n9.wav,DataSet22/DataSetTrain/DataSetPadre1/DataSetI/o/s00640_o_n9.wav,4,o
s00641_o.wav,DataSet22/DataSetTrain/DataSetPadre1/DataSetI/o/s00641_o.wav,4,o
s00642_o.wav,DataSet22/DataSetTrain/DataSetPadre1/DataSetI/o/s00642_o.wav,4,o
s00642_o_n2.wav,DataSet22/DataSetTrain/DataSetPadre1/DataSetI/o/s00642_o_n2.wav,4,o
s00642_o_n3.wav,DataSet22/DataSetTrain/DataSetPadre1/DataSetI/o/s00642_o_n3.wav,4,o
s00642_o_n4.wav,DataSet22/DataSetTrain/DataSetPadre1/DataSetI/o/s00642_o_n4.wav,4,o
s00642_o_n5.wav,DataSet22/DataSetTrain/DataSetPadre1/DataSetI/o/s00642_o_n5.wav,4,o
s00643_o.wav,DataSet22/DataSetTrain/DataSetPadre1/DataSetI/o/s00643_o.wav,4,o
s00643_o_n2.wav,DataSet22/DataSetTrain/DataSetPadre1/DataSetI/o/s00643_o_n2.wav,4,o
s00643_o_n3.wav,DataSet22/DataSetTrain/DataSetPadre1/DataSetI/o/s00643_o_n3.wav,4,o
s00644_o.wav,DataSet22/DataSetTrain/DataSetPadre1/DataSetI/o/s00644_o.wav,4,o
s00644_o_n2.wav,DataSet22/DataSetTrain/DataSetPadre1/DataSetI/o/s00644_o_n2.wav,4,o
s00644_o_n3.wav,DataSet22/DataSetTrain/DataSetPadre1/DataSetI/o/s00644_o_n3.wav,4,o
s00645_o.wav,DataSet22/DataSetTrain/DataSetPadre1/DataSetI/o/s00645_o.wav,4,o
s00645_o_n2.wav,DataSet22/DataSetTrain/DataSetPadre1/DataSetI/o/s00645_o_n2.wav,4,o
s00645_o_n3.wav,DataSet22/DataSetTrain/DataSetPadre1/DataSetI/o/s00645_o_n3.wav,4,o
s00645_o_n4.wav,DataSet22/DataSetTrain/DataSetPadre1/DataSetI/o/s00645_o_n4.wav,4,o
s00645_o_n5.wav,DataSet22/DataSetTrain/DataSetPadre1/DataSetI/o/s00645_o_n5.wav,4,o
s00645_o_n6.wav,DataSet22/DataSetTrain/DataSetPadre1/DataSetI/o/s00645_o_n6.wav,4,o
s00645_o_n7.wav,DataSet22/DataSetTrain/DataSetPadre1/DataSetI/o/s00645_o_n7.wav,4,o
s00646_o.wav,DataSet22/DataSetTrain/DataSetPadre1/DataSetI/o/s00646_o.wav,4,o
s00646_o_n2.wav,DataSet22/DataSetTrain/DataSetPadre1/DataSetI/o/s00646_o_n2.wav,4,o
s00647_o.wav,DataSet22/DataSetTrain/DataSetPadre1/DataSetI/o/s00647_o.wav,4,o
s00647_o_n2.wav,DataSet22/DataSetTrain/DataSetPadre1/DataSetI/o/s00647_o_n2.wav,4,o
s00648_o.wav,DataSet22/DataSetTrain/DataSetPadre1/DataSetI/o/s00648_o.wav,4,o
s00648_o_n2.wav,DataSet22/DataSetTrain/DataSetPadre1/DataSetI/o/s00648_o_n2.wav,4,o
s00648_o_n3.wav,DataSet22/DataSetTrain/DataSetPadre1/DataSetI/o/s00648_o_n3.wav,4,o
s00649_o.wav,DataSet22/DataSetTrain/DataSetPadre1/DataSetI/o/s00649_o.wav,4,o
s00649_o_n2.wav,DataSet22/DataSetTrain/DataSetPadre1/DataSetI/o/s00649_o_n2.wav,4,o
s00649_o_n3.wav,DataSet22/DataSetTrain/DataSetPadre1/DataSetI/o/s00649_o_n3.wav,4,o
s00649_o_n4.wav,DataSet22/DataSetTrain/DataSetPadre1/DataSetI/o/s00649_o_n4.wav,4,o
s00649_o_n5.wav,DataSet22/DataSetTrain/DataSetPadre1/DataSetI/o/s00649_o_n5.wav,4,o
s00650_o.wav,DataSet22/DataSetTrain/DataSetPadre1/DataSetI/o/s00650_o.wav,4,o
s00650_o_n2.wav,DataSet22/DataSetTrain/DataSetPadre1/DataSetI/o/s00650_o_n2.wav,4,o
s00650_o_n3.wav,DataSet22/DataSetTrain/DataSetPadre1/DataSetI/o/s00650_o_n3.wav,4,o
s00650_o_n4.wav,DataSet22/DataSetTrain/DataSetPadre1/DataSetI/o/s00650_o_n4.wav,4,o
s00650_o_n5.wav,DataSet22/DataSetTrain/DataSetPadre1/DataSetI/o/s00650_o_n5.wav,4,o
s00701_o.wav,DataSet22/DataSetTrain/DataSetPadre1/DataSetI/o/s00701_o.wav,4,o
s00701_o_n2.wav,DataSet22/DataSetTrain/DataSetPadre1/DataSetI/o/s00701_o_n2.wav,4,o
s00701_o_n3.wav,DataSet22/DataSetTrain/DataSetPadre1/DataSetI/o/s00701_o_n3.wav,4,o
s00701_o_n4.wav,DataSet22/DataSetTrain/DataSetPadre1/DataSetI/o/s00701_o_n4.wav,4,o
s00701_o_n5.wav,DataSet22/DataSetTrain/DataSetPadre1/DataSetI/o/s00701_o_n5.wav,4,o
s00701_o_n6.wav,DataSet22/DataSetTrain/DataSetPadre1/DataSetI/o/s00701_o_n6.wav,4,o
s00701_o_n7.wav,DataSet22/DataSetTrain/DataSetPadre1/DataSetI/o/s00701_o_n7.wav,4,o
s00702_o.wav,DataSet22/DataSetTrain/DataSetPadre1/DataSetI/o/s00702_o.wav,4,o
s00702_o_n2.wav,DataSet22/DataSetTrain/DataSetPadre1/DataSetI/o/s00702_o_n2.wav,4,o
s00702_o_n3.wav,DataSet22/DataSetTrain/DataSetPadre1/DataSetI/o/s00702_o_n3.wav,4,o
s00702_o_n4.wav,DataSet22/DataSetTrain/DataSetPadre1/DataSetI/o/s00702_o_n4.wav,4,o
s00702_o_n5.wav,DataSet22/DataSetTrain/DataSetPadre1/DataSetI/o/s00702_o_n5.wav,4,o
s00703_o.wav,DataSet22/DataSetTrain/DataSetPadre1/DataSetI/o/s00703_o.wav,4,o
s00703_o_n2.wav,DataSet22/DataSetTrain/DataSetPadre1/DataSetI/o/s00703_o_n2.wav,4,o
s00703_o_n3.wav,DataSet22/DataSetTrain/DataSetPadre1/DataSetI/o/s00703_o_n3.wav,4,o
s00703_o_n4.wav,DataSet22/DataSetTrain/DataSetPadre1/DataSetI/o/s00703_o_n4.wav,4,o
s00703_o_n5.wav,DataSet22/DataSetTrain/DataSetPadre1/DataSetI/o/s00703_o_n5.wav,4,o
s00703_o_n6.wav,DataSet22/DataSetTrain/DataSetPadre1/DataSetI/o/s00703_o_n6.wav,4,o
s00704_o.wav,DataSet22/DataSetTrain/DataSetPadre1/DataSetI/o/s00704_o.wav,4,o
s00704_o_n2.wav,DataSet22/DataSetTrain/DataSetPadre1/DataSetI/o/s00704_o_n2.wav,4,o
s00704_o_n3.wav,DataSet22/DataSetTrain/DataSetPadre1/DataSetI/o/s00704_o_n3.wav,4,o
s00705_o.wav,DataSet22/DataSetTrain/DataSetPadre1/DataSetI/o/s00705_o.wav,4,o
s00705_o_n2.wav,DataSet22/DataSetTrain/DataSetPadre1/DataSetI/o/s00705_o_n2.wav,4,o
s00705_o_n3.wav,DataSet22/DataSetTrain/DataSetPadre1/DataSetI/o/s00705_o_n3.wav,4,o
s00705_o_n4.wav,DataSet22/DataSetTrain/DataSetPadre1/DataSetI/o/s00705_o_n4.wav,4,o
s00705_o_n5.wav,DataSet22/DataSetTrain/DataSetPadre1/DataSetI/o/s00705_o_n5.wav,4,o
s00705_o_n6.wav,DataSet22/DataSetTrain/DataSetPadre1/DataSetI/o/s00705_o_n6.wav,4,o
s00705_o_n7.wav,DataSet22/DataSetTrain/DataSetPadre1/DataSetI/o/s00705_o_n7.wav,4,o
s00705_o_n8.wav,DataSet22/DataSetTrain/DataSetPadre1/DataSetI/o/s00705_o_n8.wav,4,o
s00706_o.wav,DataSet22/DataSetTrain/DataSetPadre1/DataSetI/o/s00706_o.wav,4,o
s00706_o_n2.wav,DataSet22/DataSetTrain/DataSetPadre1/DataSetI/o/s00706_o_n2.wav,4,o
s00706_o_n3.wav,DataSet22/DataSetTrain/DataSetPadre1/DataSetI/o/s00706_o_n3.wav,4,o
s00706_o_n4.wav,DataSet22/DataSetTrain/DataSetPadre1/DataSetI/o/s00706_o_n4.wav,4,o
s00706_o_n5.wav,DataSet22/DataSetTrain/DataSetPadre1/DataSetI/o/s00706_o_n5.wav,4,o
s00706_o_n6.wav,DataSet22/DataSetTrain/DataSetPadre1/DataSetI/o/s00706_o_n6.wav,4,o
s00706_o_n7.wav,DataSet22/DataSetTrain/DataSetPadre1/DataSetI/o/s00706_o_n7.wav,4,o
s00706_o_n8.wav,DataSet22/DataSetTrain/DataSetPadre1/DataSetI/o/s00706_o_n8.wav,4,o
s00706_o_n9.wav,DataSet22/DataSetTrain/DataSetPadre1/DataSetI/o/s00706_o_n9.wav,4,o
s00227_u.wav,DataSet22/DataSetTrain/DataSetPadre1/DataSetI/u/s00227_u.wav,5,u
s00229_u.wav,DataSet22/DataSetTrain/DataSetPadre1/DataSetI/u/s00229_u.wav,5,u
s00229_u_n2.wav,DataSet22/DataSetTrain/DataSetPadre1/DataSetI/u/s00229_u_n2.wav,5,u
s00229_u_n3.wav,DataSet22/DataSetTrain/DataSetPadre1/DataSetI/u/s00229_u_n3.wav,5,u
s00231_u.wav,DataSet22/DataSetTrain/DataSetPadre1/DataSetI/u/s00231_u.wav,5,u
s00231_u_n2.wav,DataSet22/DataSetTrain/DataSetPadre1/DataSetI/u/s00231_u_n2.wav,5,u
s00233_u.wav,DataSet22/DataSetTrain/DataSetPadre1/DataSetI/u/s00233_u.wav,5,u
s00234_u.wav,DataSet22/DataSetTrain/DataSetPadre1/DataSetI/u/s00234_u.wav,5,u
s00234_u_n2.wav,DataSet22/DataSetTrain/DataSetPadre1/DataSetI/u/s00234_u_n2.wav,5,u
s00235_u.wav,DataSet22/DataSetTrain/DataSetPadre1/DataSetI/u/s00235_u.wav,5,u
s00235_u_n2.wav,DataSet22/DataSetTrain/DataSetPadre1/DataSetI/u/s00235_u_n2.wav,5,u
s00236_u.wav,DataSet22/DataSetTrain/DataSetPadre1/DataSetI/u/s00236_u.wav,5,u
s00236_u_n2.wav,DataSet22/DataSetTrain/DataSetPadre1/DataSetI/u/s00236_u_n2.wav,5,u
s00237_u.wav,DataSet22/DataSetTrain/DataSetPadre1/DataSetI/u/s00237_u.wav,5,u
s00237_u_n2.wav,DataSet22/DataSetTrain/DataSetPadre1/DataSetI/u/s00237_u_n2.wav,5,u
s00238_u.wav,DataSet22/DataSetTrain/DataSetPadre1/DataSetI/u/s00238_u.wav,5,u
s00239_u.wav,DataSet22/DataSetTrain/DataSetPadre1/DataSetI/u/s00239_u.wav,5,u
s00239_u_n2.wav,DataSet22/DataSetTrain/DataSetPadre1/DataSetI/u/s00239_u_n2.wav,5,u
s00239_u_n3.wav,DataSet22/DataSetTrain/DataSetPadre1/DataSetI/u/s00239_u_n3.wav,5,u
s00241_u.wav,DataSet22/DataSetTrain/DataSetPadre1/DataSetI/u/s00241_u.wav,5,u
s00241_u_n2.wav,DataSet22/DataSetTrain/DataSetPadre1/DataSetI/u/s00241_u_n2.wav,5,u
s00243_u.wav,DataSet22/DataSetTrain/DataSetPadre1/DataSetI/u/s00243_u.wav,5,u
s00243_u_n2.wav,DataSet22/DataSetTrain/DataSetPadre1/DataSetI/u/s00243_u_n2.wav,5,u
s00244_u.wav,DataSet22/DataSetTrain/DataSetPadre1/DataSetI/u/s00244_u.wav,5,u
s00245_u.wav,DataSet22/DataSetTrain/DataSetPadre1/DataSetI/u/s00245_u.wav,5,u
s00245_u_n2.wav,DataSet22/DataSetTrain/DataSetPadre1/DataSetI/u/s00245_u_n2.wav,5,u
s00245_u_n3.wav,DataSet22/DataSetTrain/DataSetPadre1/DataSetI/u/s00245_u_n3.wav,5,u
s00247_u.wav,DataSet22/DataSetTrain/DataSetPadre1/DataSetI/u/s00247_u.wav,5,u
s00248_u.wav,DataSet22/DataSetTrain/DataSetPadre1/DataSetI/u/s00248_u.wav,5,u
s00249_u.wav,DataSet22/DataSetTrain/DataSetPadre1/DataSetI/u/s00249_u.wav,5,u
s00250_u.wav,DataSet22/DataSetTrain/DataSetPadre1/DataSetI/u/s00250_u.wav,5,u
s00250_u_n2.wav,DataSet22/DataSetTrain/DataSetPadre1/DataSetI/u/s00250_u_n2.wav,5,u
s00250_u_n3.wav,DataSet22/DataSetTrain/DataSetPadre1/DataSetI/u/s00250_u_n3.wav,5,u
s00301_u.wav,DataSet22/DataSetTrain/DataSetPadre1/DataSetI/u/s00301_u.wav,5,u
s00302_u.wav,DataSet22/DataSetTrain/DataSetPadre1/DataSetI/u/s00302_u.wav,5,u
s00303_u.wav,DataSet22/DataSetTrain/DataSetPadre1/DataSetI/u/s00303_u.wav,5,u
s00303_u_n2.wav,DataSet22/DataSetTrain/DataSetPadre1/DataSetI/u/s00303_u_n2.wav,5,u
s00303_u_n3.wav,DataSet22/DataSetTrain/DataSetPadre1/DataSetI/u/s00303_u_n3.wav,5,u
s00303_u_n4.wav,DataSet22/DataSetTrain/DataSetPadre1/DataSetI/u/s00303_u_n4.wav,5,u
s00303_u_n5.wav,DataSet22/DataSetTrain/DataSetPadre1/DataSetI/u/s00303_u_n5.wav,5,u
s00304_u.wav,DataSet22/DataSetTrain/DataSetPadre1/DataSetI/u/s00304_u.wav,5,u
s00304_u_n2.wav,DataSet22/DataSetTrain/DataSetPadre1/DataSetI/u/s00304_u_n2.wav,5,u
s00306_u.wav,DataSet22/DataSetTrain/DataSetPadre1/DataSetI/u/s00306_u.wav,5,u
s00307_u.wav,DataSet22/DataSetTrain/DataSetPadre1/DataSetI/u/s00307_u.wav,5,u
s00307_u_n2.wav,DataSet22/DataSetTrain/DataSetPadre1/DataSetI/u/s00307_u_n2.wav,5,u
s00308_u.wav,DataSet22/DataSetTrain/DataSetPadre1/DataSetI/u/s00308_u.wav,5,u
s00308_u_n2.wav,DataSet22/DataSetTrain/DataSetPadre1/DataSetI/u/s00308_u_n2.wav,5,u
s00308_u_n3.wav,DataSet22/DataSetTrain/DataSetPadre1/DataSetI/u/s00308_u_n3.wav,5,u
s00308_u_n4.wav,DataSet22/DataSetTrain/DataSetPadre1/DataSetI/u/s00308_u_n4.wav,5,u
s00308_u_n5.wav,DataSet22/DataSetTrain/DataSetPadre1/DataSetI/u/s00308_u_n5.wav,5,u
s00309_u.wav,DataSet22/DataSetTrain/DataSetPadre1/DataSetI/u/s00309_u.wav,5,u
s00309_u_n2.wav,DataSet22/DataSetTrain/DataSetPadre1/DataSetI/u/s00309_u_n2.wav,5,u
s00309_u_n3.wav,DataSet22/DataSetTrain/DataSetPadre1/DataSetI/u/s00309_u_n3.wav,5,u
s00309_u_n4.wav,DataSet22/DataSetTrain/DataSetPadre1/DataSetI/u/s00309_u_n4.wav,5,u
s00309_u_n5.wav,DataSet22/DataSetTrain/DataSetPadre1/DataSetI/u/s00309_u_n5.wav,5,u
s00310_u.wav,DataSet22/DataSetTrain/DataSetPadre1/DataSetI/u/s00310_u.wav,5,u
s00311_u.wav,DataSet22/DataSetTrain/DataSetPadre1/DataSetI/u/s00311_u.wav,5,u
s00311_u_n2.wav,DataSet22/DataSetTrain/DataSetPadre1/DataSetI/u/s00311_u_n2.wav,5,u
s00311_u_n3.wav,DataSet22/DataSetTrain/DataSetPadre1/DataSetI/u/s00311_u_n3.wav,5,u
s00311_u_n4.wav,DataSet22/DataSetTrain/DataSetPadre1/DataSetI/u/s00311_u_n4.wav,5,u
s00311_u_n5.wav,DataSet22/DataSetTrain/DataSetPadre1/DataSetI/u/s00311_u_n5.wav,5,u
s00313_u.wav,DataSet22/DataSetTrain/DataSetPadre1/DataSetI/u/s00313_u.wav,5,u
s00314_u.wav,DataSet22/DataSetTrain/DataSetPadre1/DataSetI/u/s00314_u.wav,5,u
s00315_u.wav,DataSet22/DataSetTrain/DataSetPadre1/DataSetI/u/s00315_u.wav,5,u
s00315_u_n2.wav,DataSet22/DataSetTrain/DataSetPadre1/DataSetI/u/s00315_u_n2.wav,5,u
s00317_u.wav,DataSet22/DataSetTrain/DataSetPadre1/DataSetI/u/s00317_u.wav,5,u
s00317_u_n2.wav,DataSet22/DataSetTrain/DataSetPadre1/DataSetI/u/s00317_u_n2.wav,5,u
s00321_u.wav,DataSet22/DataSetTrain/DataSetPadre1/DataSetI/u/s00321_u.wav,5,u
s00322_u.wav,DataSet22/DataSetTrain/DataSetPadre1/DataSetI/u/s00322_u.wav,5,u
s00322_u_n2.wav,DataSet22/DataSetTrain/DataSetPadre1/DataSetI/u/s00322_u_n2.wav,5,u
s00324_u.wav,DataSet22/DataSetTrain/DataSetPadre1/DataSetI/u/s00324_u.wav,5,u
s00325_u.wav,DataSet22/DataSetTrain/DataSetPadre1/DataSetI/u/s00325_u.wav,5,u
s00325_u_n2.wav,DataSet22/DataSetTrain/DataSetPadre1/DataSetI/u/s00325_u_n2.wav,5,u
s00326_u.wav,DataSet22/DataSetTrain/DataSetPadre1/DataSetI/u/s00326_u.wav,5,u
s00328_u.wav,DataSet22/DataSetTrain/DataSetPadre1/DataSetI/u/s00328_u.wav,5,u
s00328_u_n2.wav,DataSet22/DataSetTrain/DataSetPadre1/DataSetI/u/s00328_u_n2.wav,5,u
s00330_u.wav,DataSet22/DataSetTrain/DataSetPadre1/DataSetI/u/s00330_u.wav,5,u
s00331_u.wav,DataSet22/DataSetTrain/DataSetPadre1/DataSetI/u/s00331_u.wav,5,u
s00331_u_n2.wav,DataSet22/DataSetTrain/DataSetPadre1/DataSetI/u/s00331_u_n2.wav,5,u
s00332_u.wav,DataSet22/DataSetTrain/DataSetPadre1/DataSetI/u/s00332_u.wav,5,u
s00332_u_n2.wav,DataSet22/DataSetTrain/DataSetPadre1/DataSetI/u/s00332_u_n2.wav,5,u
s00332_u_n3.wav,DataSet22/DataSetTrain/DataSetPadre1/DataSetI/u/s00332_u_n3.wav,5,u
s00333_u.wav,DataSet22/DataSetTrain/DataSetPadre1/DataSetI/u/s00333_u.wav,5,u
s00334_u.wav,DataSet22/DataSetTrain/DataSetPadre1/DataSetI/u/s00334_u.wav,5,u
s00334_u_n2.wav,DataSet22/DataSetTrain/DataSetPadre1/DataSetI/u/s00334_u_n2.wav,5,u
s00335_u.wav,DataSet22/DataSetTrain/DataSetPadre1/DataSetI/u/s00335_u.wav,5,u
s00336_u.wav,DataSet22/DataSetTrain/DataSetPadre1/DataSetI/u/s00336_u.wav,5,u
s00336_u_n2.wav,DataSet22/DataSetTrain/DataSetPadre1/DataSetI/u/s00336_u_n2.wav,5,u
s00336_u_n3.wav,DataSet22/DataSetTrain/DataSetPadre1/DataSetI/u/s00336_u_n3.wav,5,u
s00337_u.wav,DataSet22/DataSetTrain/DataSetPadre1/DataSetI/u/s00337_u.wav,5,u
s00337_u_n2.wav,DataSet22/DataSetTrain/DataSetPadre1/DataSetI/u/s00337_u_n2.wav,5,u
s00338_u.wav,DataSet22/DataSetTrain/DataSetPadre1/DataSetI/u/s00338_u.wav,5,u
s00339_u.wav,DataSet22/DataSetTrain/DataSetPadre1/DataSetI/u/s00339_u.wav,5,u
s00340_u.wav,DataSet22/DataSetTrain/DataSetPadre1/DataSetI/u/s00340_u.wav,5,u
s00340_u_n2.wav,DataSet22/DataSetTrain/DataSetPadre1/DataSetI/u/s00340_u_n2.wav,5,u
s00340_u_n3.wav,DataSet22/DataSetTrain/DataSetPadre1/DataSetI/u/s00340_u_n3.wav,5,u
s00341_u.wav,DataSet22/DataSetTrain/DataSetPadre1/DataSetI/u/s00341_u.wav,5,u
s00341_u_n2.wav,DataSet22/DataSetTrain/DataSetPadre1/DataSetI/u/s00341_u_n2.wav,5,u
s00344_u.wav,DataSet22/DataSetTrain/DataSetPadre1/DataSetI/u/s00344_u.wav,5,u
s00346_u.wav,DataSet22/DataSetTrain/DataSetPadre1/DataSetI/u/s00346_u.wav,5,u
s00347_u.wav,DataSet22/DataSetTrain/DataSetPadre1/DataSetI/u/s00347_u.wav,5,u
s00349_u.wav,DataSet22/DataSetTrain/DataSetPadre1/DataSetI/u/s00349_u.wav,5,u
s00401_u.wav,DataSet22/DataSetTrain/DataSetPadre1/DataSetI/u/s00401_u.wav,5,u
s00401_u_n2.wav,DataSet22/DataSetTrain/DataSetPadre1/DataSetI/u/s00401_u_n2.wav,5,u
s00401_u_n3.wav,DataSet22/DataSetTrain/DataSetPadre1/DataSetI/u/s00401_u_n3.wav,5,u
s00403_u.wav,DataSet22/DataSetTrain/DataSetPadre1/DataSetI/u/s00403_u.wav,5,u
s00403_u_n2.wav,DataSet22/DataSetTrain/DataSetPadre1/DataSetI/u/s00403_u_n2.wav,5,u
s00404_u.wav,DataSet22/DataSetTrain/DataSetPadre1/DataSetI/u/s00404_u.wav,5,u
s00404_u_n2.wav,DataSet22/DataSetTrain/DataSetPadre1/DataSetI/u/s00404_u_n2.wav,5,u
s00405_u.wav,DataSet22/DataSetTrain/DataSetPadre1/DataSetI/u/s00405_u.wav,5,u
s00406_u.wav,DataSet22/DataSetTrain/DataSetPadre1/DataSetI/u/s00406_u.wav,5,u
s00406_u_n2.wav,DataSet22/DataSetTrain/DataSetPadre1/DataSetI/u/s00406_u_n2.wav,5,u
s00407_u.wav,DataSet22/DataSetTrain/DataSetPadre1/DataSetI/u/s00407_u.wav,5,u
s00407_u_n2.wav,DataSet22/DataSetTrain/DataSetPadre1/DataSetI/u/s00407_u_n2.wav,5,u
s00408_u.wav,DataSet22/DataSetTrain/DataSetPadre1/DataSetI/u/s00408_u.wav,5,u
s00409_u.wav,DataSet22/DataSetTrain/DataSetPadre1/DataSetI/u/s00409_u.wav,5,u
s00409_u_n2.wav,DataSet22/DataSetTrain/DataSetPadre1/DataSetI/u/s00409_u_n2.wav,5,u
s00409_u_n3.wav,DataSet22/DataSetTrain/DataSetPadre1/DataSetI/u/s00409_u_n3.wav,5,u
s00409_u_n4.wav,DataSet22/DataSetTrain/DataSetPadre1/DataSetI/u/s00409_u_n4.wav,5,u
s00409_u_n5.wav,DataSet22/DataSetTrain/DataSetPadre1/DataSetI/u/s00409_u_n5.wav,5,u
s00410_u.wav,DataSet22/DataSetTrain/DataSetPadre1/DataSetI/u/s00410_u.wav,5,u
s00410_u_n2.wav,DataSet22/DataSetTrain/DataSetPadre1/DataSetI/u/s00410_u_n2.wav,5,u
s00412_u.wav,DataSet22/DataSetTrain/DataSetPadre1/DataSetI/u/s00412_u.wav,5,u
s00412_u_n2.wav,DataSet22/DataSetTrain/DataSetPadre1/DataSetI/u/s00412_u_n2.wav,5,u
s00413_u.wav,DataSet22/DataSetTrain/DataSetPadre1/DataSetI/u/s00413_u.wav,5,u
s00413_u_n2.wav,DataSet22/DataSetTrain/DataSetPadre1/DataSetI/u/s00413_u_n2.wav,5,u
s00413_u_n3.wav,DataSet22/DataSetTrain/DataSetPadre1/DataSetI/u/s00413_u_n3.wav,5,u
s00414_u.wav,DataSet22/DataSetTrain/DataSetPadre1/DataSetI/u/s00414_u.wav,5,u
s00415_u.wav,DataSet22/DataSetTrain/DataSetPadre1/DataSetI/u/s00415_u.wav,5,u
s00418_u.wav,DataSet22/DataSetTrain/DataSetPadre1/DataSetI/u/s00418_u.wav,5,u
s00423_u.wav,DataSet22/DataSetTrain/DataSetPadre1/DataSetI/u/s00423_u.wav,5,u
s00425_u.wav,DataSet22/DataSetTrain/DataSetPadre1/DataSetI/u/s00425_u.wav,5,u
s00428_u.wav,DataSet22/DataSetTrain/DataSetPadre1/DataSetI/u/s00428_u.wav,5,u
s00429_u.wav,DataSet22/DataSetTrain/DataSetPadre1/DataSetI/u/s00429_u.wav,5,u
s00430_u.wav,DataSet22/DataSetTrain/DataSetPadre1/DataSetI/u/s00430_u.wav,5,u
s00430_u_n2.wav,DataSet22/DataSetTrain/DataSetPadre1/DataSetI/u/s00430_u_n2.wav,5,u
s00430_u_n3.wav,DataSet22/DataSetTrain/DataSetPadre1/DataSetI/u/s00430_u_n3.wav,5,u
s00430_u_n4.wav,DataSet22/DataSetTrain/DataSetPadre1/DataSetI/u/s00430_u_n4.wav,5,u
s00431_u.wav,DataSet22/DataSetTrain/DataSetPadre1/DataSetI/u/s00431_u.wav,5,u
s00431_u_n2.wav,DataSet22/DataSetTrain/DataSetPadre1/DataSetI/u/s00431_u_n2.wav,5,u
s00432_u.wav,DataSet22/DataSetTrain/DataSetPadre1/DataSetI/u/s00432_u.wav,5,u
s00432_u_n2.wav,DataSet22/DataSetTrain/DataSetPadre1/DataSetI/u/s00432_u_n2.wav,5,u
s00433_u.wav,DataSet22/DataSetTrain/DataSetPadre1/DataSetI/u/s00433_u.wav,5,u
s00433_u_n2.wav,DataSet22/DataSetTrain/DataSetPadre1/DataSetI/u/s00433_u_n2.wav,5,u
s00433_u_n3.wav,DataSet22/DataSetTrain/DataSetPadre1/DataSetI/u/s00433_u_n3.wav,5,u
s00434_u.wav,DataSet22/DataSetTrain/DataSetPadre1/DataSetI/u/s00434_u.wav,5,u
s00435_u.wav,DataSet22/DataSetTrain/DataSetPadre1/DataSetI/u/s00435_u.wav,5,u
s00436_u.wav,DataSet22/DataSetTrain/DataSetPadre1/DataSetI/u/s00436_u.wav,5,u
s00437_u.wav,DataSet22/DataSetTrain/DataSetPadre1/DataSetI/u/s00437_u.wav,5,u
s00438_u.wav,DataSet22/DataSetTrain/DataSetPadre1/DataSetI/u/s00438_u.wav,5,u
s00438_u_n2.wav,DataSet22/DataSetTrain/DataSetPadre1/DataSetI/u/s00438_u_n2.wav,5,u
s00439_u.wav,DataSet22/DataSetTrain/DataSetPadre1/DataSetI/u/s00439_u.wav,5,u
s00439_u_n2.wav,DataSet22/DataSetTrain/DataSetPadre1/DataSetI/u/s00439_u_n2.wav,5,u
s00441_u.wav,DataSet22/DataSetTrain/DataSetPadre1/DataSetI/u/s00441_u.wav,5,u
s00443_u.wav,DataSet22/DataSetTrain/DataSetPadre1/DataSetI/u/s00443_u.wav,5,u
s00443_u_n2.wav,DataSet22/DataSetTrain/DataSetPadre1/DataSetI/u/s00443_u_n2.wav,5,u
s00443_u_n3.wav,DataSet22/DataSetTrain/DataSetPadre1/DataSetI/u/s00443_u_n3.wav,5,u
s00444_u.wav,DataSet22/DataSetTrain/DataSetPadre1/DataSetI/u/s00444_u.wav,5,u
s00444_u_n2.wav,DataSet22/DataSetTrain/DataSetPadre1/DataSetI/u/s00444_u_n2.wav,5,u
s00446_u.wav,DataSet22/DataSetTrain/DataSetPadre1/DataSetI/u/s00446_u.wav,5,u
s00447_u.wav,DataSet22/DataSetTrain/DataSetPadre1/DataSetI/u/s00447_u.wav,5,u
s00447_u_n2.wav,DataSet22/DataSetTrain/DataSetPadre1/DataSetI/u/s00447_u_n2.wav,5,u
s00449_u.wav,DataSet22/DataSetTrain/DataSetPadre1/DataSetI/u/s00449_u.wav,5,u
s00450_u.wav,DataSet22/DataSetTrain/DataSetPadre1/DataSetI/u/s00450_u.wav,5,u
s00501_u.wav,DataSet22/DataSetTrain/DataSetPadre1/DataSetI/u/s00501_u.wav,5,u
s00501_u_n2.wav,DataSet22/DataSetTrain/DataSetPadre1/DataSetI/u/s00501_u_n2.wav,5,u
s00501_u_n3.wav,DataSet22/DataSetTrain/DataSetPadre1/DataSetI/u/s00501_u_n3.wav,5,u
s00502_u.wav,DataSet22/DataSetTrain/DataSetPadre1/DataSetI/u/s00502_u.wav,5,u
s00502_u_n2.wav,DataSet22/DataSetTrain/DataSetPadre1/DataSetI/u/s00502_u_n2.wav,5,u
s00502_u_n3.wav,DataSet22/DataSetTrain/DataSetPadre1/DataSetI/u/s00502_u_n3.wav,5,u
s00503_u.wav,DataSet22/DataSetTrain/DataSetPadre1/DataSetI/u/s00503_u.wav,5,u
s00503_u_n2.wav,DataSet22/DataSetTrain/DataSetPadre1/DataSetI/u/s00503_u_n2.wav,5,u
s00503_u_n3.wav,DataSet22/DataSetTrain/DataSetPadre1/DataSetI/u/s00503_u_n3.wav,5,u
s00503_u_n4.wav,DataSet22/DataSetTrain/DataSetPadre1/DataSetI/u/s00503_u_n4.wav,5,u
s00505_u.wav,DataSet22/DataSetTrain/DataSetPadre1/DataSetI/u/s00505_u.wav,5,u
s00506_u.wav,DataSet22/DataSetTrain/DataSetPadre1/DataSetI/u/s00506_u.wav,5,u
s00507_u.wav,DataSet22/DataSetTrain/DataSetPadre1/DataSetI/u/s00507_u.wav,5,u
s00507_u_n2.wav,DataSet22/DataSetTrain/DataSetPadre1/DataSetI/u/s00507_u_n2.wav,5,u
s00508_u.wav,DataSet22/DataSetTrain/DataSetPadre1/DataSetI/u/s00508_u.wav,5,u
s00508_u_n2.wav,DataSet22/DataSetTrain/DataSetPadre1/DataSetI/u/s00508_u_n2.wav,5,u
s00509_u.wav,DataSet22/DataSetTrain/DataSetPadre1/DataSetI/u/s00509_u.wav,5,u
s00509_u_n2.wav,DataSet22/DataSetTrain/DataSetPadre1/DataSetI/u/s00509_u_n2.wav,5,u
s00509_u_n3.wav,DataSet22/DataSetTrain/DataSetPadre1/DataSetI/u/s00509_u_n3.wav,5,u
s00509_u_n4.wav,DataSet22/DataSetTrain/DataSetPadre1/DataSetI/u/s00509_u_n4.wav,5,u
s00509_u_n5.wav,DataSet22/DataSetTrain/DataSetPadre1/DataSetI/u/s00509_u_n5.wav,5,u
s00510_u.wav,DataSet22/DataSetTrain/DataSetPadre1/DataSetI/u/s00510_u.wav,5,u
s00510_u_n2.wav,DataSet22/DataSetTrain/DataSetPadre1/DataSetI/u/s00510_u_n2.wav,5,u
s00512_u.wav,DataSet22/DataSetTrain/DataSetPadre1/DataSetI/u/s00512_u.wav,5,u
s00512_u_n2.wav,DataSet22/DataSetTrain/DataSetPadre1/DataSetI/u/s00512_u_n2.wav,5,u
s00513_u.wav,DataSet22/DataSetTrain/DataSetPadre1/DataSetI/u/s00513_u.wav,5,u
s00513_u_n2.wav,DataSet22/DataSetTrain/DataSetPadre1/DataSetI/u/s00513_u_n2.wav,5,u
s00513_u_n3.wav,DataSet22/DataSetTrain/DataSetPadre1/DataSetI/u/s00513_u_n3.wav,5,u
s00514_u.wav,DataSet22/DataSetTrain/DataSetPadre1/DataSetI/u/s00514_u.wav,5,u
s00514_u_n2.wav,DataSet22/DataSetTrain/DataSetPadre1/DataSetI/u/s00514_u_n2.wav,5,u
s00515_u.wav,DataSet22/DataSetTrain/DataSetPadre1/DataSetI/u/s00515_u.wav,5,u
s00516_u.wav,DataSet22/DataSetTrain/DataSetPadre1/DataSetI/u/s00516_u.wav,5,u
s00516_u_n2.wav,DataSet22/DataSetTrain/DataSetPadre1/DataSetI/u/s00516_u_n2.wav,5,u
s00518_u.wav,DataSet22/DataSetTrain/DataSetPadre1/DataSetI/u/s00518_u.wav,5,u
s00518_u_n2.wav,DataSet22/DataSetTrain/DataSetPadre1/DataSetI/u/s00518_u_n2.wav,5,u
s00521_u.wav,DataSet22/DataSetTrain/DataSetPadre1/DataSetI/u/s00521_u.wav,5,u
s00521_u_n2.wav,DataSet22/DataSetTrain/DataSetPadre1/DataSetI/u/s00521_u_n2.wav,5,u
s00522_u.wav,DataSet22/DataSetTrain/DataSetPadre1/DataSetI/u/s00522_u.wav,5,u
s00522_u_n2.wav,DataSet22/DataSetTrain/DataSetPadre1/DataSetI/u/s00522_u_n2.wav,5,u
s00523_u.wav,DataSet22/DataSetTrain/DataSetPadre1/DataSetI/u/s00523_u.wav,5,u
s00524_u.wav,DataSet22/DataSetTrain/DataSetPadre1/DataSetI/u/s00524_u.wav,5,u
s00525_u.wav,DataSet22/DataSetTrain/DataSetPadre1/DataSetI/u/s00525_u.wav,5,u
s00525_u_n2.wav,DataSet22/DataSetTrain/DataSetPadre1/DataSetI/u/s00525_u_n2.wav,5,u
s00530_u.wav,DataSet22/DataSetTrain/DataSetPadre1/DataSetI/u/s00530_u.wav,5,u
s00530_u_n2.wav,DataSet22/DataSetTrain/DataSetPadre1/DataSetI/u/s00530_u_n2.wav,5,u
s00531_u.wav,DataSet22/DataSetTrain/DataSetPadre1/DataSetI/u/s00531_u.wav,5,u
s00531_u_n2.wav,DataSet22/DataSetTrain/DataSetPadre1/DataSetI/u/s00531_u_n2.wav,5,u
s00532_u.wav,DataSet22/DataSetTrain/DataSetPadre1/DataSetI/u/s00532_u.wav,5,u
s00532_u_n2.wav,DataSet22/DataSetTrain/DataSetPadre1/DataSetI/u/s00532_u_n2.wav,5,u
s00533_u.wav,DataSet22/DataSetTrain/DataSetPadre1/DataSetI/u/s00533_u.wav,5,u
s00533_u_n2.wav,DataSet22/DataSetTrain/DataSetPadre1/DataSetI/u/s00533_u_n2.wav,5,u
s00533_u_n3.wav,DataSet22/DataSetTrain/DataSetPadre1/DataSetI/u/s00533_u_n3.wav,5,u
s00535_u.wav,DataSet22/DataSetTrain/DataSetPadre1/DataSetI/u/s00535_u.wav,5,u
s00536_u.wav,DataSet22/DataSetTrain/DataSetPadre1/DataSetI/u/s00536_u.wav,5,u
s00537_u.wav,DataSet22/DataSetTrain/DataSetPadre1/DataSetI/u/s00537_u.wav,5,u
s00537_u_n2.wav,DataSet22/DataSetTrain/DataSetPadre1/DataSetI/u/s00537_u_n2.wav,5,u
s00537_u_n3.wav,DataSet22/DataSetTrain/DataSetPadre1/DataSetI/u/s00537_u_n3.wav,5,u
s00539_u.wav,DataSet22/DataSetTrain/DataSetPadre1/DataSetI/u/s00539_u.wav,5,u
s00539_u_n2.wav,DataSet22/DataSetTrain/DataSetPadre1/DataSetI/u/s00539_u_n2.wav,5,u
s00539_u_n3.wav,DataSet22/DataSetTrain/DataSetPadre1/DataSetI/u/s00539_u_n3.wav,5,u
s00539_u_n4.wav,DataSet22/DataSetTrain/DataSetPadre1/DataSetI/u/s00539_u_n4.wav,5,u
s00540_u.wav,DataSet22/DataSetTrain/DataSetPadre1/DataSetI/u/s00540_u.wav,5,u
s00541_u.wav,DataSet22/DataSetTrain/DataSetPadre1/DataSetI/u/s00541_u.wav,5,u
s00542_u.wav,DataSet22/DataSetTrain/DataSetPadre1/DataSetI/u/s00542_u.wav,5,u
s00543_u.wav,DataSet22/DataSetTrain/DataSetPadre1/DataSetI/u/s00543_u.wav,5,u
s00543_u_n2.wav,DataSet22/DataSetTrain/DataSetPadre1/DataSetI/u/s00543_u_n2.wav,5,u
s00544_u.wav,DataSet22/DataSetTrain/DataSetPadre1/DataSetI/u/s00544_u.wav,5,u
s00545_u.wav,DataSet22/DataSetTrain/DataSetPadre1/DataSetI/u/s00545_u.wav,5,u
s00545_u_n2.wav,DataSet22/DataSetTrain/DataSetPadre1/DataSetI/u/s00545_u_n2.wav,5,u
s00546_u.wav,DataSet22/DataSetTrain/DataSetPadre1/DataSetI/u/s00546_u.wav,5,u
s00547_u.wav,DataSet22/DataSetTrain/DataSetPadre1/DataSetI/u/s00547_u.wav,5,u
s00547_u_n2.wav,DataSet22/DataSetTrain/DataSetPadre1/DataSetI/u/s00547_u_n2.wav,5,u
s00601_u.wav,DataSet22/DataSetTrain/DataSetPadre1/DataSetI/u/s00601_u.wav,5,u
s00601_u_n2.wav,DataSet22/DataSetTrain/DataSetPadre1/DataSetI/u/s00601_u_n2.wav,5,u
s00602_u.wav,DataSet22/DataSetTrain/DataSetPadre1/DataSetI/u/s00602_u.wav,5,u
s00602_u_n2.wav,DataSet22/DataSetTrain/DataSetPadre1/DataSetI/u/s00602_u_n2.wav,5,u
s00603_u.wav,DataSet22/DataSetTrain/DataSetPadre1/DataSetI/u/s00603_u.wav,5,u
s00603_u_n2.wav,DataSet22/DataSetTrain/DataSetPadre1/DataSetI/u/s00603_u_n2.wav,5,u
s00606_u.wav,DataSet22/DataSetTrain/DataSetPadre1/DataSetI/u/s00606_u.wav,5,u
s00607_u.wav,DataSet22/DataSetTrain/DataSetPadre1/DataSetI/u/s00607_u.wav,5,u
s00607_u_n2.wav,DataSet22/DataSetTrain/DataSetPadre1/DataSetI/u/s00607_u_n2.wav,5,u
s00608_u.wav,DataSet22/DataSetTrain/DataSetPadre1/DataSetI/u/s00608_u.wav,5,u
s00608_u_n2.wav,DataSet22/DataSetTrain/DataSetPadre1/DataSetI/u/s00608_u_n2.wav,5,u
s00608_u_n3.wav,DataSet22/DataSetTrain/DataSetPadre1/DataSetI/u/s00608_u_n3.wav,5,u
s00609_u.wav,DataSet22/DataSetTrain/DataSetPadre1/DataSetI/u/s00609_u.wav,5,u
s00609_u_n2.wav,DataSet22/DataSetTrain/DataSetPadre1/DataSetI/u/s00609_u_n2.wav,5,u
s00609_u_n3.wav,DataSet22/DataSetTrain/DataSetPadre1/DataSetI/u/s00609_u_n3.wav,5,u
s00609_u_n4.wav,DataSet22/DataSetTrain/DataSetPadre1/DataSetI/u/s00609_u_n4.wav,5,u
s00609_u_n5.wav,DataSet22/DataSetTrain/DataSetPadre1/DataSetI/u/s00609_u_n5.wav,5,u
s00610_u.wav,DataSet22/DataSetTrain/DataSetPadre1/DataSetI/u/s00610_u.wav,5,u
s00610_u_n2.wav,DataSet22/DataSetTrain/DataSetPadre1/DataSetI/u/s00610_u_n2.wav,5,u
s00612_u.wav,DataSet22/DataSetTrain/DataSetPadre1/DataSetI/u/s00612_u.wav,5,u
s00613_u.wav,DataSet22/DataSetTrain/DataSetPadre1/DataSetI/u/s00613_u.wav,5,u
s00614_u.wav,DataSet22/DataSetTrain/DataSetPadre1/DataSetI/u/s00614_u.wav,5,u
s00614_u_n2.wav,DataSet22/DataSetTrain/DataSetPadre1/DataSetI/u/s00614_u_n2.wav,5,u
s00615_u.wav,DataSet22/DataSetTrain/DataSetPadre1/DataSetI/u/s00615_u.wav,5,u
s00616_u.wav,DataSet22/DataSetTrain/DataSetPadre1/DataSetI/u/s00616_u.wav,5,u
s00616_u_n2.wav,DataSet22/DataSetTrain/DataSetPadre1/DataSetI/u/s00616_u_n2.wav,5,u
s00616_u_n3.wav,DataSet22/DataSetTrain/DataSetPadre1/DataSetI/u/s00616_u_n3.wav,5,u
s00618_u.wav,DataSet22/DataSetTrain/DataSetPadre1/DataSetI/u/s00618_u.wav,5,u
s00619_u.wav,DataSet22/DataSetTrain/DataSetPadre1/DataSetI/u/s00619_u.wav,5,u
s00619_u_n2.wav,DataSet22/DataSetTrain/DataSetPadre1/DataSetI/u/s00619_u_n2.wav,5,u
s00620_u.wav,DataSet22/DataSetTrain/DataSetPadre1/DataSetI/u/s00620_u.wav,5,u
s00620_u_n2.wav,DataSet22/DataSetTrain/DataSetPadre1/DataSetI/u/s00620_u_n2.wav,5,u
s00621_u.wav,DataSet22/DataSetTrain/DataSetPadre1/DataSetI/u/s00621_u.wav,5,u
s00621_u_n2.wav,DataSet22/DataSetTrain/DataSetPadre1/DataSetI/u/s00621_u_n2.wav,5,u
s00621_u_n3.wav,DataSet22/DataSetTrain/DataSetPadre1/DataSetI/u/s00621_u_n3.wav,5,u
s00622_u.wav,DataSet22/DataSetTrain/DataSetPadre1/DataSetI/u/s00622_u.wav,5,u
s00622_u_n2.wav,DataSet22/DataSetTrain/DataSetPadre1/DataSetI/u/s00622_u_n2.wav,5,u
s00623_u.wav,DataSet22/DataSetTrain/DataSetPadre1/DataSetI/u/s00623_u.wav,5,u
s00623_u_n2.wav,DataSet22/DataSetTrain/DataSetPadre1/DataSetI/u/s00623_u_n2.wav,5,u
s00623_u_n3.wav,DataSet22/DataSetTrain/DataSetPadre1/DataSetI/u/s00623_u_n3.wav,5,u
s00627_u.wav,DataSet22/DataSetTrain/DataSetPadre1/DataSetI/u/s00627_u.wav,5,u
s00628_u.wav,DataSet22/DataSetTrain/DataSetPadre1/DataSetI/u/s00628_u.wav,5,u
s00628_u_n2.wav,DataSet22/DataSetTrain/DataSetPadre1/DataSetI/u/s00628_u_n2.wav,5,u
s00629_u.wav,DataSet22/DataSetTrain/DataSetPadre1/DataSetI/u/s00629_u.wav,5,u
s00629_u_n2.wav,DataSet22/DataSetTrain/DataSetPadre1/DataSetI/u/s00629_u_n2.wav,5,u
s00629_u_n3.wav,DataSet22/DataSetTrain/DataSetPadre1/DataSetI/u/s00629_u_n3.wav,5,u
s00630_u.wav,DataSet22/DataSetTrain/DataSetPadre1/DataSetI/u/s00630_u.wav,5,u
s00630_u_n2.wav,DataSet22/DataSetTrain/DataSetPadre1/DataSetI/u/s00630_u_n2.wav,5,u
s00630_u_n3.wav,DataSet22/DataSetTrain/DataSetPadre1/DataSetI/u/s00630_u_n3.wav,5,u
s00631_u.wav,DataSet22/DataSetTrain/DataSetPadre1/DataSetI/u/s00631_u.wav,5,u
s00631_u_n2.wav,DataSet22/DataSetTrain/DataSetPadre1/DataSetI/u/s00631_u_n2.wav,5,u
s00632_u.wav,DataSet22/DataSetTrain/DataSetPadre1/DataSetI/u/s00632_u.wav,5,u
s00633_u.wav,DataSet22/DataSetTrain/DataSetPadre1/DataSetI/u/s00633_u.wav,5,u
s00634_u.wav,DataSet22/DataSetTrain/DataSetPadre1/DataSetI/u/s00634_u.wav,5,u
s00635_u.wav,DataSet22/DataSetTrain/DataSetPadre1/DataSetI/u/s00635_u.wav,5,u
s00636_u.wav,DataSet22/DataSetTrain/DataSetPadre1/DataSetI/u/s00636_u.wav,5,u
s00636_u_n2.wav,DataSet22/DataSetTrain/DataSetPadre1/DataSetI/u/s00636_u_n2.wav,5,u
s00637_u.wav,DataSet22/DataSetTrain/DataSetPadre1/DataSetI/u/s00637_u.wav,5,u
s00638_u.wav,DataSet22/DataSetTrain/DataSetPadre1/DataSetI/u/s00638_u.wav,5,u
s00639_u.wav,DataSet22/DataSetTrain/DataSetPadre1/DataSetI/u/s00639_u.wav,5,u
s00640_u.wav,DataSet22/DataSetTrain/DataSetPadre1/DataSetI/u/s00640_u.wav,5,u
s00640_u_n2.wav,DataSet22/DataSetTrain/DataSetPadre1/DataSetI/u/s00640_u_n2.wav,5,u
s00640_u_n3.wav,DataSet22/DataSetTrain/DataSetPadre1/DataSetI/u/s00640_u_n3.wav,5,u
s00640_u_n4.wav,DataSet22/DataSetTrain/DataSetPadre1/DataSetI/u/s00640_u_n4.wav,5,u
